{
  "accuracy": 0.7452093683463449,
  "roc_auc": 0.8279004882585445
}